title,url,thumbnail_url,channel,description
Tom Holland Calls for a Doctor While Eating Spicy Wings | Hot Ones,https://www.youtube.com/watch?v=qxGmGGmvFD8,https://i.ytimg.com/vi/qxGmGGmvFD8/hqdefault.jpg?sqp=-oaymwEcCPYBEIoBSFXyq4qpAw4IARUAAIhCGAFwAcABBg==&rs=AOn4CLCv9S1kQVUuYgaiPzdIpvtzxkuvew,First We Feast,"Tom Holland began his career at 12 years old in the West End production of Billy Elliot, and now he's one of Hollywood's biggest box office draws, from award-winning performances in The Impossible,..."
A Conversation with Travis Scott and Charlamagne Tha God,https://www.youtube.com/watch?v=FS9SvGvbSgw,https://i.ytimg.com/vi/FS9SvGvbSgw/hqdefault.jpg?sqp=-oaymwEcCPYBEIoBSFXyq4qpAw4IARUAAIhCGAFwAcABBg==&rs=AOn4CLDfXG2jfTC3Ki9_PdyLzrgZBkkhfQ,CThaGod,"Charlamagne Tha God and Travis Scott in his first interview since the tragedies at the Astroworld Festival. During this open conversation, Scott goes in depth about the events that occurred..."
Thank You All So Much.. Pat McAfee's MASSIVE Announcement,https://www.youtube.com/watch?v=OHY99OOtqiI,https://i.ytimg.com/vi/OHY99OOtqiI/hqdefault.jpg?sqp=-oaymwEcCPYBEIoBSFXyq4qpAw4IARUAAIhCGAFwAcABBg==&rs=AOn4CLBSaoqoRj1mKkS1gxBVOZ2ZTslJQA,The Pat McAfee Show,Thank you all so much. It's time for our MASSIVE announcement. Become a member! https://www.youtube.com/channel/UCxcTeAKWJca6XyJ37_ZoKIQ/join SUBSCRIBE: https://www.youtube.com/channel/UCxcTeAKWJc...
Cobra Kai Season 4 | Official Trailer | Netflix,https://www.youtube.com/watch?v=I3uX4uwrAaY,,Netflix,"Every legacy. Every rivalry. Leads to this. Cobra Kai S4 premieres globally Dec 31, only on Netflix. COBRA KAI takes place over 30 years after the events of the 1984 All Valley Karate Tournament..."
DIGGING A SECRET TUNNEL Part 6,https://www.youtube.com/watch?v=-IjKRK-ORSs,,colinfurze,Claim a free share worth up to ¬£200 when you fund your account with ¬£1 at http://freetrade.io/colin - Open an ISA and get a share worth up to ¬£2000! Capital at risk. You asked for a Mine...
Polo G - Fortnight (Official Video),https://www.youtube.com/watch?v=zrDDcOyc9hY,,Polo G,Official video for ‚ÄúFortnight‚Äù by Polo G Listen & Download ‚ÄòHall Of Fame 2.0‚Äô out now: https://polog.lnk.to/HOFDeluxe Amazon Music - https://polog.lnk.to/HOFDeluxe/amazonmusic Apple...
Teleporting Shopping PranküíÄü§Ø #shorts #twinsprank,https://www.youtube.com/shorts/4_66yI34IOo,,EvenOut,#shorts #evenout #wakeup
Soulmate control‚Äôs your‚Ä¶‚úãüò≥ (PART 1) #soulmate #christmas #pov,https://www.youtube.com/watch?v=ehOrsedsq3Q,,Brianna Mizura,
BTS: Butter,https://www.youtube.com/watch?v=TzUQQJBv4g4,,The Late Late Show with James Corden,"Late Late Show music guest BTS delivers a performance of their smash hit ""Butter"" fit to celebrate our 1,000th episode. More Late Late Show: Subscribe: http://bit.ly/CordenYouTube Watch Full..."
Rauw Alejandro & Chencho Corleone - Desesperados (Video Oficial),https://www.youtube.com/watch?v=K9mTSekTktw,,RauwAlejandroTv,Rauw Alejandro & Chencho Desesperados (Video Oficial) Suscr√≠bete al canal: https://goo.gl/Cqxmma Sigue a Rauw: Instagram: https://www.instagram.com/rauwalejandro Facebook: https://www.facebook.c...
